{
  "version": "5.2.1",
  "flags": {},
  "shapes": [
    {
      "label": "1",
      "points": [
        [
          72.84615384615385,
          163.76923076923077
        ]
      ],
      "group_id": null,
      "description": "",
      "shape_type": "point",
      "flags": {}
    },
    {
      "label": "2",
      "points": [
        [
          163.30769230769232,
          127.76923076923077
        ]
      ],
      "group_id": null,
      "description": "",
      "shape_type": "point",
      "flags": {}
    },
    {
      "label": "3",
      "points": [
        [
          253.1538461538462,
          155.15384615384616
        ]
      ],
      "group_id": null,
      "description": "",
      "shape_type": "point",
      "flags": {}
    },
    {
      "label": "4",
      "points": [
        [
          239.61538461538464,
          196.6923076923077
        ]
      ],
      "group_id": null,
      "description": "",
      "shape_type": "point",
      "flags": {}
    },
    {
      "label": "5",
      "points": [
        [
          197.76923076923077,
          211.15384615384616
        ]
      ],
      "group_id": null,
      "description": "",
      "shape_type": "point",
      "flags": {}
    },
    {
      "label": "l_profile_face",
      "points": [
        [
          34.07692307692308,
          96.6923076923077
        ],
        [
          258.3846153846154,
          288.3846153846154
        ]
      ],
      "group_id": null,
      "description": "",
      "shape_type": "rectangle",
      "flags": {}
    }
  ],
  "imagePath": " (1012).jpg",
  "imageData": null,
  "imageHeight": 298,
  "imageWidth": 266
}