{
  "version": "5.2.1",
  "flags": {},
  "shapes": [
    {
      "label": "2",
      "points": [
        [
          68.72252010723861,
          27.064343163538872
        ]
      ],
      "group_id": null,
      "description": "",
      "shape_type": "point",
      "flags": {}
    },
    {
      "label": "3",
      "points": [
        [
          114.96916890080429,
          51.59517426273458
        ]
      ],
      "group_id": null,
      "description": "",
      "shape_type": "point",
      "flags": {}
    },
    {
      "label": "4",
      "points": [
        [
          99.95576407506702,
          78.1367292225201
        ]
      ],
      "group_id": null,
      "description": "",
      "shape_type": "point",
      "flags": {}
    },
    {
      "label": "5",
      "points": [
        [
          69.9289544235925,
          76.93029490616621
        ]
      ],
      "group_id": null,
      "description": "",
      "shape_type": "point",
      "flags": {}
    },
    {
      "label": "l_profile_face",
      "points": [
        [
          10.411528150134053,
          14.195710455764072
        ],
        [
          118.58847184986597,
          120.49597855227881
        ]
      ],
      "group_id": null,
      "description": "",
      "shape_type": "rectangle",
      "flags": {}
    }
  ],
  "imagePath": " (1050).jpg",
  "imageData": null,
  "imageHeight": 130,
  "imageWidth": 129
}