{
  "version": "5.2.1",
  "flags": {},
  "shapes": [
    {
      "label": "5",
      "points": [
        [
          277.4174311926605,
          354.98623853211006
        ]
      ],
      "group_id": null,
      "description": "",
      "shape_type": "point",
      "flags": {}
    },
    {
      "label": "1",
      "points": [
        [
          110.44495412844034,
          220.1238532110092
        ]
      ],
      "group_id": null,
      "description": "",
      "shape_type": "point",
      "flags": {}
    },
    {
      "label": "2",
      "points": [
        [
          274.2064220183486,
          210.49082568807341
        ]
      ],
      "group_id": null,
      "description": "",
      "shape_type": "point",
      "flags": {}
    },
    {
      "label": "3",
      "points": [
        [
          370.99541284403665,
          299.4816513761468
        ]
      ],
      "group_id": null,
      "description": "",
      "shape_type": "point",
      "flags": {}
    },
    {
      "label": "4",
      "points": [
        [
          337.0504587155963,
          334.3440366972477
        ]
      ],
      "group_id": null,
      "description": "",
      "shape_type": "point",
      "flags": {}
    },
    {
      "label": "l_profile_face",
      "points": [
        [
          44.389908256880744,
          128.83944954128444
        ],
        [
          381.54587155963293,
          431.591743119266
        ]
      ],
      "group_id": null,
      "description": "",
      "shape_type": "rectangle",
      "flags": {}
    }
  ],
  "imagePath": " (1099).jpg",
  "imageData": null,
  "imageHeight": 443,
  "imageWidth": 403
}