{
  "version": "5.2.1",
  "flags": {},
  "shapes": [
    {
      "label": "1",
      "points": [
        [
          26.791666666666657,
          93.70238095238095
        ]
      ],
      "group_id": null,
      "description": "",
      "shape_type": "point",
      "flags": {}
    },
    {
      "label": "2",
      "points": [
        [
          131.85119047619048,
          65.42857142857143
        ]
      ],
      "group_id": null,
      "description": "",
      "shape_type": "point",
      "flags": {}
    },
    {
      "label": "3",
      "points": [
        [
          236.61309523809527,
          104.71428571428571
        ]
      ],
      "group_id": null,
      "description": "",
      "shape_type": "point",
      "flags": {}
    },
    {
      "label": "4",
      "points": [
        [
          209.5297619047619,
          160.07142857142858
        ]
      ],
      "group_id": null,
      "description": "",
      "shape_type": "point",
      "flags": {}
    },
    {
      "label": "5",
      "points": [
        [
          162.50595238095238,
          166.02380952380952
        ]
      ],
      "group_id": null,
      "description": "",
      "shape_type": "point",
      "flags": {}
    },
    {
      "label": "l_profile_face",
      "points": [
        [
          8.63690476190476,
          17.214285714285708
        ],
        [
          246.43452380952382,
          261.26190476190476
        ]
      ],
      "group_id": null,
      "description": "",
      "shape_type": "rectangle",
      "flags": {}
    }
  ],
  "imagePath": " (11).jpg",
  "imageData": null,
  "imageHeight": 288,
  "imageWidth": 264
}