{
  "version": "5.2.1",
  "flags": {},
  "shapes": [
    {
      "label": "3",
      "points": [
        [
          96.51008303677344,
          47.89145907473309
        ]
      ],
      "group_id": null,
      "description": "",
      "shape_type": "point",
      "flags": {}
    },
    {
      "label": "4",
      "points": [
        [
          88.91814946619218,
          67.22716488730724
        ]
      ],
      "group_id": null,
      "description": "",
      "shape_type": "point",
      "flags": {}
    },
    {
      "label": "5",
      "points": [
        [
          71.83629893238435,
          78.61506524317913
        ]
      ],
      "group_id": null,
      "description": "",
      "shape_type": "point",
      "flags": {}
    },
    {
      "label": "l_profile_face",
      "points": [
        [
          5.762752075919337,
          14.320877817319095
        ],
        [
          101.01779359430606,
          103.76334519572954
        ]
      ],
      "group_id": null,
      "description": "",
      "shape_type": "rectangle",
      "flags": {}
    }
  ],
  "imagePath": " (1127).jpg",
  "imageData": null,
  "imageHeight": 115,
  "imageWidth": 112
}