{
  "version": "5.2.1",
  "flags": {},
  "shapes": [
    {
      "label": "3",
      "points": [
        [
          351.9722222222222,
          205.4814814814815
        ]
      ],
      "group_id": null,
      "description": "",
      "shape_type": "point",
      "flags": {}
    },
    {
      "label": "4",
      "points": [
        [
          310.76851851851853,
          275.3888888888889
        ]
      ],
      "group_id": null,
      "description": "",
      "shape_type": "point",
      "flags": {}
    },
    {
      "label": "5",
      "points": [
        [
          243.17592592592595,
          311.962962962963
        ]
      ],
      "group_id": null,
      "description": "",
      "shape_type": "point",
      "flags": {}
    },
    {
      "label": "l_profile_face",
      "points": [
        [
          5.092592592592638,
          35.18518518518519
        ],
        [
          358.91666666666663,
          434.64814814814815
        ]
      ],
      "group_id": null,
      "description": "",
      "shape_type": "rectangle",
      "flags": {}
    }
  ],
  "imagePath": " (1153).jpg",
  "imageData": null,
  "imageHeight": 448,
  "imageWidth": 372
}