{
  "version": "5.2.1",
  "flags": {},
  "shapes": [
    {
      "label": "2",
      "points": [
        [
          182.58777429467085,
          56.07523510971787
        ]
      ],
      "group_id": null,
      "description": "",
      "shape_type": "point",
      "flags": {}
    },
    {
      "label": "3",
      "points": [
        [
          254.06112852664575,
          152.6269592476489
        ]
      ],
      "group_id": null,
      "description": "",
      "shape_type": "point",
      "flags": {}
    },
    {
      "label": "4",
      "points": [
        [
          214.24921630094042,
          184.60188087774296
        ]
      ],
      "group_id": null,
      "description": "",
      "shape_type": "point",
      "flags": {}
    },
    {
      "label": "5",
      "points": [
        [
          148.1050156739812,
          163.5987460815047
        ]
      ],
      "group_id": null,
      "description": "",
      "shape_type": "point",
      "flags": {}
    },
    {
      "label": "l_profile_face",
      "points": [
        [
          10.487460815047015,
          18.144200626959247
        ],
        [
          262.52507836990594,
          279.8996865203762
        ]
      ],
      "group_id": null,
      "description": "",
      "shape_type": "rectangle",
      "flags": {}
    }
  ],
  "imagePath": " (1166).jpg",
  "imageData": null,
  "imageHeight": 304,
  "imageWidth": 289
}