{
  "version": "5.2.1",
  "flags": {},
  "shapes": [
    {
      "label": "1",
      "points": [
        [
          15.161375661375658,
          71.91975308641975
        ]
      ],
      "group_id": null,
      "description": "",
      "shape_type": "point",
      "flags": {}
    },
    {
      "label": "2",
      "points": [
        [
          88.35361552028219,
          39.82098765432098
        ]
      ],
      "group_id": null,
      "description": "",
      "shape_type": "point",
      "flags": {}
    },
    {
      "label": "3",
      "points": [
        [
          161.0167548500882,
          66.98148148148147
        ]
      ],
      "group_id": null,
      "description": "",
      "shape_type": "point",
      "flags": {}
    },
    {
      "label": "4",
      "points": [
        [
          149.90564373897706,
          93.96560846560845
        ]
      ],
      "group_id": null,
      "description": "",
      "shape_type": "point",
      "flags": {}
    },
    {
      "label": "5",
      "points": [
        [
          119.74691358024693,
          106.31128747795414
        ]
      ],
      "group_id": null,
      "description": "",
      "shape_type": "point",
      "flags": {}
    },
    {
      "label": "l_profile_face",
      "points": [
        [
          7.224867724867721,
          17.598765432098762
        ],
        [
          164.01499118165782,
          155.87037037037038
        ]
      ],
      "group_id": null,
      "description": "",
      "shape_type": "rectangle",
      "flags": {}
    }
  ],
  "imagePath": " (1192).jpg",
  "imageData": null,
  "imageHeight": 171,
  "imageWidth": 179
}