{
  "version": "5.2.1",
  "flags": {},
  "shapes": [
    {
      "label": "1",
      "points": [
        [
          88.99253731343282,
          170.7686567164179
        ]
      ],
      "group_id": null,
      "description": "",
      "shape_type": "point",
      "flags": {}
    },
    {
      "label": "2",
      "points": [
        [
          169.58955223880596,
          135.2462686567164
        ]
      ],
      "group_id": null,
      "description": "",
      "shape_type": "point",
      "flags": {}
    },
    {
      "label": "3",
      "points": [
        [
          263.61940298507466,
          168.97761194029852
        ]
      ],
      "group_id": null,
      "description": null,
      "shape_type": "point",
      "flags": {}
    },
    {
      "label": "4",
      "points": [
        [
          242.12686567164175,
          213.15671641791045
        ]
      ],
      "group_id": null,
      "description": "",
      "shape_type": "point",
      "flags": {}
    },
    {
      "label": "5",
      "points": [
        [
          196.15671641791042,
          225.99253731343282
        ]
      ],
      "group_id": null,
      "description": "",
      "shape_type": "point",
      "flags": {}
    },
    {
      "label": "l_profile_face",
      "points": [
        [
          58.24626865671641,
          99.72388059701493
        ],
        [
          267.20149253731347,
          280.6194029850746
        ]
      ],
      "group_id": null,
      "description": "",
      "shape_type": "rectangle",
      "flags": {}
    }
  ],
  "imagePath": " (1235).jpg",
  "imageData": null,
  "imageHeight": 289,
  "imageWidth": 275
}