{
  "version": "5.2.1",
  "flags": {},
  "shapes": [
    {
      "label": "2",
      "points": [
        [
          215.6580310880829,
          195.05958549222797
        ]
      ],
      "group_id": null,
      "description": "",
      "shape_type": "point",
      "flags": {}
    },
    {
      "label": "3",
      "points": [
        [
          391.82383419689126,
          266.56217616580307
        ]
      ],
      "group_id": null,
      "description": "",
      "shape_type": "point",
      "flags": {}
    },
    {
      "label": "4",
      "points": [
        [
          362.8082901554404,
          338.58290155440415
        ]
      ],
      "group_id": null,
      "description": "",
      "shape_type": "point",
      "flags": {}
    },
    {
      "label": "5",
      "points": [
        [
          307.8860103626943,
          360.3445595854922
        ]
      ],
      "group_id": null,
      "description": "",
      "shape_type": "point",
      "flags": {}
    },
    {
      "label": "l_profile_face",
      "points": [
        [
          6.3316062176165815,
          123.55699481865284
        ],
        [
          399.0777202072539,
          481.5880829015544
        ]
      ],
      "group_id": null,
      "description": "",
      "shape_type": "rectangle",
      "flags": {}
    }
  ],
  "imagePath": " (1243).jpg",
  "imageData": null,
  "imageHeight": 501,
  "imageWidth": 408
}