{
  "version": "5.2.1",
  "flags": {},
  "shapes": [
    {
      "label": "2",
      "points": [
        [
          172.37301587301587,
          115.3015873015873
        ]
      ],
      "group_id": null,
      "description": "",
      "shape_type": "point",
      "flags": {}
    },
    {
      "label": "3",
      "points": [
        [
          245.65343915343917,
          150.75132275132273
        ]
      ],
      "group_id": null,
      "description": null,
      "shape_type": "point",
      "flags": {}
    },
    {
      "label": "4",
      "points": [
        [
          228.1931216931217,
          176.14814814814815
        ]
      ],
      "group_id": null,
      "description": "",
      "shape_type": "point",
      "flags": {}
    },
    {
      "label": "5",
      "points": [
        [
          191.6851851851852,
          184.34920634920633
        ]
      ],
      "group_id": null,
      "description": "",
      "shape_type": "point",
      "flags": {}
    },
    {
      "label": "l_profile_face",
      "points": [
        [
          64.43650793650795,
          75.88359788359787
        ],
        [
          252.2671957671958,
          243.34391534391534
        ]
      ],
      "group_id": null,
      "description": "",
      "shape_type": "rectangle",
      "flags": {}
    }
  ],
  "imagePath": " (1259).jpg",
  "imageData": null,
  "imageHeight": 256,
  "imageWidth": 263
}