{
  "version": "5.2.1",
  "flags": {},
  "shapes": [
    {
      "label": "1",
      "points": [
        [
          30.848920863309374,
          155.6546762589928
        ]
      ],
      "group_id": null,
      "description": "",
      "shape_type": "point",
      "flags": {}
    },
    {
      "label": "2",
      "points": [
        [
          177.61151079136692,
          99.53956834532373
        ]
      ],
      "group_id": null,
      "description": null,
      "shape_type": "point",
      "flags": {}
    },
    {
      "label": "3",
      "points": [
        [
          290.9208633093525,
          154.93525179856115
        ]
      ],
      "group_id": null,
      "description": "",
      "shape_type": "point",
      "flags": {}
    },
    {
      "label": "4",
      "points": [
        [
          264.66187050359713,
          217.16546762589925
        ]
      ],
      "group_id": null,
      "description": "",
      "shape_type": "point",
      "flags": {}
    },
    {
      "label": "5",
      "points": [
        [
          214.66187050359713,
          233.71223021582733
        ]
      ],
      "group_id": null,
      "description": "",
      "shape_type": "point",
      "flags": {}
    },
    {
      "label": "l_profile_face",
      "points": [
        [
          7.1079136690647715,
          34.79136690647483
        ],
        [
          297.75539568345323,
          319.3237410071942
        ]
      ],
      "group_id": null,
      "description": "",
      "shape_type": "rectangle",
      "flags": {}
    }
  ],
  "imagePath": " (1282).jpg",
  "imageData": null,
  "imageHeight": 348,
  "imageWidth": 334
}