{
  "version": "5.2.1",
  "flags": {},
  "shapes": [
    {
      "label": "2",
      "points": [
        [
          128.03846153846155,
          64.6923076923077
        ]
      ],
      "group_id": null,
      "description": "",
      "shape_type": "point",
      "flags": {}
    },
    {
      "label": "3",
      "points": [
        [
          224.34615384615387,
          128.3846153846154
        ]
      ],
      "group_id": null,
      "description": null,
      "shape_type": "point",
      "flags": {}
    },
    {
      "label": "4",
      "points": [
        [
          208.03846153846155,
          173.92307692307693
        ]
      ],
      "group_id": null,
      "description": "",
      "shape_type": "point",
      "flags": {}
    },
    {
      "label": "5",
      "points": [
        [
          155.11538461538464,
          178.23076923076923
        ]
      ],
      "group_id": null,
      "description": "",
      "shape_type": "point",
      "flags": {}
    },
    {
      "label": "l_profile_face",
      "points": [
        [
          2.5,
          17.0
        ],
        [
          228.6538461538462,
          267.46153846153845
        ]
      ],
      "group_id": null,
      "description": "",
      "shape_type": "rectangle",
      "flags": {}
    }
  ],
  "imagePath": " (1400).jpg",
  "imageData": null,
  "imageHeight": 298,
  "imageWidth": 257
}