{
  "version": "5.2.1",
  "flags": {},
  "shapes": [
    {
      "label": "2",
      "points": [
        [
          101.16463414634147,
          72.8048780487805
        ]
      ],
      "group_id": null,
      "description": "",
      "shape_type": "point",
      "flags": {}
    },
    {
      "label": "3",
      "points": [
        [
          203.60365853658533,
          138.35365853658536
        ]
      ],
      "group_id": null,
      "description": "",
      "shape_type": "point",
      "flags": {}
    },
    {
      "label": "4",
      "points": [
        [
          184.09146341463412,
          184.390243902439
        ]
      ],
      "group_id": null,
      "description": "",
      "shape_type": "point",
      "flags": {}
    },
    {
      "label": "5",
      "points": [
        [
          126.46951219512196,
          202.37804878048777
        ]
      ],
      "group_id": null,
      "description": "",
      "shape_type": "point",
      "flags": {}
    },
    {
      "label": "l_profile_face",
      "points": [
        [
          0.0,
          27.378048780487806
        ],
        [
          208.84146341463412,
          272.80487804878044
        ]
      ],
      "group_id": null,
      "description": "",
      "shape_type": "rectangle",
      "flags": {}
    }
  ],
  "imagePath": " (1413).jpg",
  "imageData": null,
  "imageHeight": 295,
  "imageWidth": 238
}