{
  "version": "5.2.1",
  "flags": {},
  "shapes": [
    {
      "label": "1",
      "points": [
        [
          26.748466257668724,
          73.0398773006135
        ]
      ],
      "group_id": null,
      "description": "",
      "shape_type": "point",
      "flags": {}
    },
    {
      "label": "2",
      "points": [
        [
          151.5950920245399,
          57.70245398773006
        ]
      ],
      "group_id": null,
      "description": "",
      "shape_type": "point",
      "flags": {}
    },
    {
      "label": "4",
      "points": [
        [
          208.65030674846628,
          166.2914110429448
        ]
      ],
      "group_id": null,
      "description": "",
      "shape_type": "point",
      "flags": {}
    },
    {
      "label": "5",
      "points": [
        [
          145.15337423312883,
          160.1564417177914
        ]
      ],
      "group_id": null,
      "description": "",
      "shape_type": "point",
      "flags": {}
    },
    {
      "label": "3",
      "points": [
        [
          243.00613496932516,
          135.00306748466258
        ]
      ],
      "group_id": null,
      "description": null,
      "shape_type": "point",
      "flags": {}
    },
    {
      "label": "l_profile_face",
      "points": [
        [
          4.3558282208589105,
          9.849693251533745
        ],
        [
          248.22085889570553,
          264.75766871165644
        ]
      ],
      "group_id": null,
      "description": "",
      "shape_type": "rectangle",
      "flags": {}
    }
  ],
  "imagePath": " (1439).jpg",
  "imageData": null,
  "imageHeight": 297,
  "imageWidth": 290
}