{
  "version": "5.2.1",
  "flags": {},
  "shapes": [
    {
      "label": "1",
      "points": [
        [
          19.62006079027357,
          96.84802431610942
        ]
      ],
      "group_id": null,
      "description": "",
      "shape_type": "point",
      "flags": {}
    },
    {
      "label": "2",
      "points": [
        [
          152.14285714285717,
          72.22796352583586
        ]
      ],
      "group_id": null,
      "description": null,
      "shape_type": "point",
      "flags": {}
    },
    {
      "label": "3",
      "points": [
        [
          243.93617021276594,
          145.17629179331306
        ]
      ],
      "group_id": null,
      "description": "",
      "shape_type": "point",
      "flags": {}
    },
    {
      "label": "4",
      "points": [
        [
          220.22796352583583,
          173.74772036474164
        ]
      ],
      "group_id": null,
      "description": "",
      "shape_type": "point",
      "flags": {}
    },
    {
      "label": "5",
      "points": [
        [
          164.90881458966567,
          175.2674772036474
        ]
      ],
      "group_id": null,
      "description": "",
      "shape_type": "point",
      "flags": {}
    },
    {
      "label": "l_profile_face",
      "points": [
        [
          4.118541033434653,
          29.674772036474163
        ],
        [
          255.48632218844983,
          261.2857142857143
        ]
      ],
      "group_id": null,
      "description": "",
      "shape_type": "rectangle",
      "flags": {}
    }
  ],
  "imagePath": " (1448).jpg",
  "imageData": null,
  "imageHeight": 294,
  "imageWidth": 290
}